{"cameraMode":{"drawMode":0,"name":"Shaded","section":"Shading Mode"},"sceneLighting":false,"audioPlay":false,"sceneViewState":{"showFog":true,"showMaterialUpdate":false,"showSkybox":false,"showFlares":true,"showImageEffects":true,"showParticleSystems":true},"in2DMode":false,"pivot":{"x":255.41696166992188,"y":166.10671997070313,"z":220.89283752441407},"rotation":{"x":-0.030305983498692514,"y":0.007094676606357098,"z":-0.0002693587157409638,"w":-0.999597430229187},"size":629.314697265625,"orthographic":false}