{"cameraMode":{"drawMode":0,"name":"Shaded","section":"Shading Mode"},"sceneLighting":false,"audioPlay":false,"sceneViewState":{"showFog":true,"showMaterialUpdate":false,"showSkybox":false,"showFlares":true,"showImageEffects":true,"showParticleSystems":true},"in2DMode":false,"pivot":{"x":-6.699999809265137,"y":26.200000762939454,"z":13.199999809265137},"rotation":{"x":-0.07469519972801209,"y":-0.12027398496866226,"z":0.009058821015059948,"w":-0.9899457097053528},"size":20.00518798828125,"orthographic":false}