{"cameraMode":{"drawMode":0,"name":"Shaded","section":"Shading Mode"},"sceneLighting":true,"audioPlay":false,"sceneViewState":{"showFog":true,"showMaterialUpdate":false,"showSkybox":true,"showFlares":true,"showImageEffects":true,"showParticleSystems":true},"in2DMode":false,"pivot":{"x":234.8599090576172,"y":196.70651245117188,"z":87.37698364257813},"rotation":{"x":0.045506902039051059,"y":0.011523225344717503,"z":0.00027606950607150793,"w":0.9989219903945923},"size":433.5751647949219,"orthographic":true}